CaptureName,WindowId,StartTime,EndTime,PacketCount,GroundTruth,IsMixed,RawDecisionScore,NormalizedAnomalyScore,PredictedAnomalyAt0_50,IsCorrect,IsEligible,DetailedLabels
ctu-idseval-6-malicious-portscan-1,0,1523470000.0,1523470005.0,60,MALICIOUS,False,-0.0,0.5,0,False,True,PortScan
ctu-idseval-6-malicious-portscan-1,1,1523470005.0,1523470010.0,60,MALICIOUS,False,-0.0,0.5,0,False,True,PortScan
ctu-idseval-6-malicious-malware-1,0,1523460000.0,1523460005.0,8,BENIGN,False,-0.0,0.5,0,True,True,
ctu-idseval-6-malicious-malware-1,1,1523460005.0,1523460010.0,8,BENIGN,False,-0.0,0.5,0,True,True,
ctu-idseval-6-malicious-malware-1,2,1523460010.0,1523460015.0,8,BENIGN,False,-0.0,0.5,0,True,True,
ctu-idseval-6-malicious-malware-1,3,1523460015.0,1523460020.0,8,BENIGN,False,-0.0,0.5,0,True,True,
ctu-idseval-6-malicious-malware-1,4,1523460020.0,1523460025.0,50,MALICIOUS,False,-0.0,0.5,0,False,True,MalwareC2
ctu-idseval-6-malicious-malware-1,5,1523460025.0,1523460030.0,50,MALICIOUS,False,-0.0,0.5,0,False,True,MalwareC2
ctu-idseval-6-malicious-malware-1,6,1523460030.0,1523460035.0,50,MALICIOUS,False,-0.0,0.5,0,False,True,MalwareC2
ctu-idseval-6-malicious-malware-1,7,1523460035.0,1523460040.0,50,MALICIOUS,False,-0.0,0.5,0,False,True,MalwareC2
ctu-idseval-6-malicious-malware-1,8,1523460040.0,1523460045.0,5,BACKGROUND_ONLY,False,-0.0,0.5,0,,False,
